<?xml version="1.0" encoding="UTF-8"?>
<!DOCTYPE mapper PUBLIC "-//mybatis.org//DTD Mapper 3.0//EN"
 "http://mybatis.org/dtd/mybatis-3-mapper.dtd">
<mapper namespace="com.himes.food.dao.StDailyStockHsDAO"><!--namespace를 통해 UserDAO와 연결합니다. -->

	<select id="selectList"
		parameterType="com.himes.food.model.StDailyStockHs"
		resultType="com.himes.food.model.StDailyStockHs">
		SELECT item.ItemNo,item.ItemNm,item.StockYn, T.*,
		(SELECT cc1.CodeNm FROM CmmCode cc1 WHERE cc1.CompSeq = #{CompSeq} AND cc1.Code =item.ItemCls1) ItemCls1Nm,
		(SELECT cc2.CodeNm FROM CmmCode cc2 WHERE cc2.CompSeq = #{CompSeq} AND cc2.Code = item.ItemCls2) ItemCls2Nm,
		(SELECT ccu.CodeNm FROM CmmCode ccu WHERE ccu.CompSeq = #{CompSeq} AND ccu.Code = item.UnitCd) UnitNm
		FROM
			(SELECT
			sdsh.ItemSeq,
			SUM(IF(DATEDIFF(sdsh.Date , #{StartDate}) =0 , sdsh.StockQty, 0)) AS day_1,
			SUM(IF( DATEDIFF(sdsh.Date , DATE_ADD(#{StartDate},INTERVAL 1 DAY)) =0 ,sdsh.StockQty, 0)) AS day_2,
			SUM(IF( DATEDIFF(sdsh.Date , DATE_ADD(#{StartDate},INTERVAL 2 DAY)) =0 ,sdsh.StockQty, 0)) AS day_3,
			SUM(IF( DATEDIFF(sdsh.Date , DATE_ADD(#{StartDate},INTERVAL 3 DAY)) =0 ,sdsh.StockQty, 0)) AS day_4,
			SUM(IF( DATEDIFF(sdsh.Date ,DATE_ADD(#{StartDate},INTERVAL 4 DAY)) =0  ,sdsh.StockQty, 0)) AS day_5,
			SUM(IF( DATEDIFF(sdsh.Date , DATE_ADD(#{StartDate},INTERVAL 5 DAY))=0 , sdsh.StockQty, 0)) AS day_6,
			SUM(IF( DATEDIFF(sdsh.Date , DATE_ADD(#{StartDate},INTERVAL 6 DAY)) =0 ,sdsh.StockQty, 0)) AS day_7,
			SUM(IF( DATEDIFF(sdsh.Date , DATE_ADD(#{StartDate},INTERVAL 7 DAY)) =0 ,sdsh.StockQty, 0)) AS day_8,
			SUM(IF( DATEDIFF(sdsh.Date ,DATE_ADD(#{StartDate},INTERVAL 8 DAY)) =0 , sdsh.StockQty, 0)) AS day_9,
			SUM(IF( DATEDIFF(sdsh.Date , DATE_ADD(#{StartDate},INTERVAL 9 DAY)) =0, sdsh.StockQty, 0)) AS day_10,
			SUM(IF( DATEDIFF(sdsh.Date ,DATE_ADD(#{StartDate},INTERVAL 10 DAY)) =0 ,sdsh.StockQty, 0)) AS day_11,
			SUM(IF( DATEDIFF(sdsh.Date , DATE_ADD(#{StartDate},INTERVAL 11 DAY)) =0 ,sdsh.StockQty, 0)) AS day_12,
			SUM(IF( DATEDIFF(sdsh.Date ,DATE_ADD(#{StartDate},INTERVAL 12 DAY)) =0 ,sdsh.StockQty, 0)) AS day_13,
			SUM(IF( DATEDIFF(sdsh.Date , DATE_ADD(#{StartDate},INTERVAL 13 DAY)) =0 ,sdsh.StockQty, 0)) AS day_14,
			SUM(IF( DATEDIFF(sdsh.Date ,DATE_ADD(#{StartDate},INTERVAL 14 DAY)) =0 ,sdsh.StockQty, 0)) AS day_15
			FROM StDailyStockHs sdsh
			WHERE sdsh.CompSeq = #{CompSeq}
			GROUP BY sdsh.ItemSeq) T
		JOIN Item item ON item.ItemSeq = T.ItemSeq
		WHERE
		item.CompSeq = #{CompSeq}

		<if test='ItemNo != null and ItemNo != ""'>
			AND item.ItemNo LIKE CONCAT('%', #{ItemNo}, '%')
		</if>
		<if test='ItemNm != null and ItemNm != ""'>
			AND item.ItemNm LIKE CONCAT('%', #{ItemNm}, '%')
		</if>
		<if test='ItemCls1 != null and ItemCls1 != ""'>
			AND	item.ItemCls1 LIKE CONCAT('%', #{ItemCls1}, '%')
		</if>
		ORDER BY item.StockYn DESC
	</select>

</mapper>